<?xml version="1.0" encoding="UTF-8"?>
<project-private xmlns="http://www.netbeans.org/ns/project-private/1">
    <editor-bookmarks xmlns="http://www.netbeans.org/ns/editor-bookmarks/2" lastBookmarkId="0"/>
    <open-files xmlns="http://www.netbeans.org/ns/projectui-open-files/2">
        <group>
            <file>file:/Users/Julie/csce4444/PartyofFour%202/src/java/entity/CustomerOrder.java</file>
            <file>file:/Users/Julie/csce4444/PartyofFour%202/src/java/controller/ControllerServlet.java</file>
            <file>file:/Users/Julie/csce4444/PartyofFour%202/src/java/session/OrderManager.java</file>
        </group>
    </open-files>
</project-private>
